Workbook
Name Martillo: Salida!#REF!
Name Martillo: Ingreso!#REF!

Sheet Ingreso
B6: Ciudad, fecha
B10: Sres:
B11: BGREEN S.A.S
B12: ATN. Zona Franca Tayrona S.A.S (Operaciones)
F16: Referencia: Solicitud de ingreso de herramientas
B18: Nosotros Claro S.A.S con Nit No. 900.566.554-2, por medio de la presente
B19: solicitamos autorización de ingreso a las instalaciones de BGreen S.A.S de nuestras herramientas
B20: relacionadas a continuación desde 12/03/2025 hasta 12/03/2025 por el funcionario
B21: ISAAC ANDRES COTES con C.C. 1007783549.
D24: Item | E24: Nombre | F24: Cantidad | G24: Medida | H24: Tipo
D25: 1 | E25: Maquina fusionadora de fibra óptica | F25: 1 | G25: Unidades | H25: Ingreso
D26: 2 | E26: Medidor de fibra óptica OTDR | F26: 1 | G26: Unidades | H26: Ingreso
D27: 3 | E27: Medidor de fibra óptica OTDR | F27: 1 | G27: Unidades | H27: Ingreso
D28: 4 | E28: Caja de herramientas con juego de llaves, destornillador, martillo | F28: 1 | G28: Unidades | H28: Ingreso
D29: 5 | E29: Barra, pata de cabra | F29: 1 | G29: Unidades | H29: Ingreso
D30: 6
D31: 7
D32: 8
D33: 9
D34: 10
B38: Cordialmente,
B44: Nombre:
B45: Cédula:

Sheet Comex (Ingreso)
B2: Item | C2: Nombre | D2: Cantidad | E2: Medida | F2: Tipo
B3: 1 | C3: =+IFERROR(Ingreso!$E25,"") -> Maquina fusionadora de fibra óptica | D3: =+IFERROR(Ingreso!$F25,"") -> 1 | E3: =+IFERROR(VLOOKUP(Ingreso!$G25,Lista!$C$4:$D$157,2,FALSE),"") -> 8 | F3: =+IFERROR(VLOOKUP(Ingreso!$H25,Lista!$G$4:$H$5,2,FALSE),"") -> 1
B4: 2 | C4: =+IFERROR(Ingreso!$E26,"") -> Medidor de fibra óptica OTDR | D4: =+IFERROR(Ingreso!$F26,"") -> 1 | E4: =+IFERROR(VLOOKUP(Ingreso!$G26,Lista!$C$4:$D$157,2,FALSE),"") -> 8 | F4: =+IFERROR(VLOOKUP(Ingreso!$H26,Lista!$G$4:$H$5,2,FALSE),"") -> 1
B5: 3 | C5: =+IFERROR(Ingreso!$E27,"") -> Medidor de fibra óptica OTDR | D5: =+IFERROR(Ingreso!$F27,"") -> 1 | E5: =+IFERROR(VLOOKUP(Ingreso!$G27,Lista!$C$4:$D$157,2,FALSE),"") -> 8 | F5: =+IFERROR(VLOOKUP(Ingreso!$H27,Lista!$G$4:$H$5,2,FALSE),"") -> 1
B6: 4 | C6: =+IFERROR(Ingreso!$E28,"") -> Caja de herramientas con juego de llaves, destornillador, martillo | D6: =+IFERROR(Ingreso!$F28,"") -> 1 | E6: =+IFERROR(VLOOKUP(Ingreso!$G28,Lista!$C$4:$D$157,2,FALSE),"") -> 8 | F6: =+IFERROR(VLOOKUP(Ingreso!$H28,Lista!$G$4:$H$5,2,FALSE),"") -> 1
B7: 5 | C7: =+IFERROR(Ingreso!$E29,"") -> Barra, pata de cabra | D7: =+IFERROR(Ingreso!$F29,"") -> 1 | E7: =+IFERROR(VLOOKUP(Ingreso!$G29,Lista!$C$4:$D$157,2,FALSE),"") -> 8 | F7: =+IFERROR(VLOOKUP(Ingreso!$H29,Lista!$G$4:$H$5,2,FALSE),"") -> 1
B8: 6 | C8: =+IFERROR(Ingreso!$E30,"") -> 0 | D8: =+IFERROR(Ingreso!$F30,"") -> 0 | E8: =+IFERROR(VLOOKUP(Ingreso!$G30,Lista!$C$4:$D$157,2,FALSE),"") | F8: =+IFERROR(VLOOKUP(Ingreso!$H30,Lista!$G$4:$H$5,2,FALSE),"")
B9: 7 | C9: =+IFERROR(Ingreso!$E31,"") -> 0 | D9: =+IFERROR(Ingreso!$F31,"") -> 0 | E9: =+IFERROR(VLOOKUP(Ingreso!$G31,Lista!$C$4:$D$157,2,FALSE),"") | F9: =+IFERROR(VLOOKUP(Ingreso!$H31,Lista!$G$4:$H$5,2,FALSE),"")
B10: 8 | C10: =+IFERROR(Ingreso!$E32,"") -> 0 | D10: =+IFERROR(Ingreso!$F32,"") -> 0 | E10: =+IFERROR(VLOOKUP(Ingreso!$G32,Lista!$C$4:$D$157,2,FALSE),"") | F10: =+IFERROR(VLOOKUP(Ingreso!$H32,Lista!$G$4:$H$5,2,FALSE),"")
B11: 9 | C11: =+IFERROR(Ingreso!$E33,"") -> 0 | D11: =+IFERROR(Ingreso!$F33,"") -> 0 | E11: =+IFERROR(VLOOKUP(Ingreso!$G33,Lista!$C$4:$D$157,2,FALSE),"") | F11: =+IFERROR(VLOOKUP(Ingreso!$H33,Lista!$G$4:$H$5,2,FALSE),"")
B12: 10 | C12: =+IFERROR(Ingreso!$E34,"") -> 0 | D12: =+IFERROR(Ingreso!$F34,"") -> 0 | E12: =+IFERROR(VLOOKUP(Ingreso!$G34,Lista!$C$4:$D$157,2,FALSE),"") | F12: =+IFERROR(VLOOKUP(Ingreso!$H34,Lista!$G$4:$H$5,2,FALSE),"")
B13: 11 | C13: =+IFERROR(Ingreso!$E35,"") -> 0 | D13: =+IFERROR(Ingreso!$F35,"") -> 0 | E13: =+IFERROR(VLOOKUP(Ingreso!$G35,Lista!$C$4:$D$157,2,FALSE),"") | F13: =+IFERROR(VLOOKUP(Ingreso!$H35,Lista!$G$4:$H$5,2,FALSE),"")
B14: 12 | C14: =+IFERROR(Ingreso!$E36,"") -> 0 | D14: =+IFERROR(Ingreso!$F36,"") -> 0 | E14: =+IFERROR(VLOOKUP(Ingreso!$G36,Lista!$C$4:$D$157,2,FALSE),"") | F14: =+IFERROR(VLOOKUP(Ingreso!$H36,Lista!$G$4:$H$5,2,FALSE),"")
... B17: 15 | C17: =+IFERROR(Ingreso!$E39,"") -> 0 | D17: =+IFERROR(Ingreso!$F39,"") -> 0 | E17: =+IFERROR(VLOOKUP(Ingreso!$G39,Lista!$C$4:$D$157,2,FALSE),"") | F17: =+IFERROR(VLOOKUP(Ingreso!$H39,Lista!$G$4:$H$5,2,FALSE),"")

Sheet Salida
B1: Sres:
B2: Liberty networks
B3: ATN. Zona Franca Tayrona S.A.S (Operaciones)
B7: Por medio de la presente solicitamos la salida del equipo Raisecom ingresados a Zona Franca Tayrona
B8: con ID: C11003850 bajo la autorización N° (indicar número).
D11: Item | E11: Nombre | F11: Cantidad | G11: Medida | H11: Tipo
D12: 1 | E12: Luis Cuello | F12: 1 | G12: Unidades | H12: Salida
D13: 2
D14: 3
D15: 4
D16: 5
D17: 6
D18: 7
D19: 8
D20: 9
D21: 10

Sheet Comex (Salida)
B2: Item | C2: Nombre | D2: Cantidad | E2: Medida | F2: Tipo
B3: 1 | C3: =+IFERROR(Salida!$E12,"") -> Luis Cuello | D3: =+IFERROR(Salida!$F12,"") -> 1 | E3: =+IFERROR(VLOOKUP(Salida!$G12,Lista!$C$4:$D$157,2,FALSE),"") -> 8 | F3: =+IFERROR(VLOOKUP(Salida!$H12,Lista!$G$4:$H$5,2,FALSE),"") -> 2
B4: 2 | C4: =+IFERROR(Salida!$E13,"") -> 0 | D4: =+IFERROR(Salida!$F13,"") -> 0 | E4: =+IFERROR(VLOOKUP(Salida!$G13,Lista!$C$4:$D$157,2,FALSE),"") | F4: =+IFERROR(VLOOKUP(Salida!$H13,Lista!$G$4:$H$5,2,FALSE),"")
B5: 3 | C5: =+IFERROR(Salida!$E14,"") -> 0 | D5: =+IFERROR(Salida!$F14,"") -> 0 | E5: =+IFERROR(VLOOKUP(Salida!$G14,Lista!$C$4:$D$157,2,FALSE),"") | F5: =+IFERROR(VLOOKUP(Salida!$H14,Lista!$G$4:$H$5,2,FALSE),"")
B6: 4 | C6: =+IFERROR(Salida!$E15,"") -> 0 | D6: =+IFERROR(Salida!$F15,"") -> 0 | E6: =+IFERROR(VLOOKUP(Salida!$G15,Lista!$C$4:$D$157,2,FALSE),"") | F6: =+IFERROR(VLOOKUP(Salida!$H15,Lista!$G$4:$H$5,2,FALSE),"")
B7: 5 | C7: =+IFERROR(Salida!$E16,"") -> 0 | D7: =+IFERROR(Salida!$F16,"") -> 0 | E7: =+IFERROR(VLOOKUP(Salida!$G16,Lista!$C$4:$D$157,2,FALSE),"") | F7: =+IFERROR(VLOOKUP(Salida!$H16,Lista!$G$4:$H$5,2,FALSE),"")
B8: 6 | C8: =+IFERROR(Salida!$E17,"") -> 0 | D8: =+IFERROR(Salida!$F17,"") -> 0 | E8: =+IFERROR(VLOOKUP(Salida!$G17,Lista!$C$4:$D$157,2,FALSE),"") | F8: =+IFERROR(VLOOKUP(Salida!$H17,Lista!$G$4:$H$5,2,FALSE),"")
B9: 7 | C9: =+IFERROR(Salida!$E18,"") -> 0 | D9: =+IFERROR(Salida!$F18,"") -> 0 | E9: =+IFERROR(VLOOKUP(Salida!$G18,Lista!$C$4:$D$157,2,FALSE),"") | F9: =+IFERROR(VLOOKUP(Salida!$H18,Lista!$G$4:$H$5,2,FALSE),"")
B10: 8 | C10: =+IFERROR(Salida!$E19,"") -> 0 | D10: =+IFERROR(Salida!$F19,"") -> 0 | E10: =+IFERROR(VLOOKUP(Salida!$G19,Lista!$C$4:$D$157,2,FALSE),"") | F10: =+IFERROR(VLOOKUP(Salida!$H19,Lista!$G$4:$H$5,2,FALSE),"")
B11: 9 | C11: =+IFERROR(Salida!$E20,"") -> 0 | D11: =+IFERROR(Salida!$F20,"") -> 0 | E11: =+IFERROR(VLOOKUP(Salida!$G20,Lista!$C$4:$D$157,2,FALSE),"") | F11: =+IFERROR(VLOOKUP(Salida!$H20,Lista!$G$4:$H$5,2,FALSE),"")
B12: 10 | C12: =+IFERROR(Salida!$E21,"") -> 0 | D12: =+IFERROR(Salida!$F21,"") -> 0 | E12: =+IFERROR(VLOOKUP(Salida!$G21,Lista!$C$4:$D$157,2,FALSE),"") | F12: =+IFERROR(VLOOKUP(Salida!$H21,Lista!$G$4:$H$5,2,FALSE),"")
B13: 11 | C13: =+IFERROR(Salida!$E22,"") -> 0 | D13: =+IFERROR(Salida!$F22,"") -> 0 | E13: =+IFERROR(VLOOKUP(Salida!$G22,Lista!$C$4:$D$157,2,FALSE),"") | F13: =+IFERROR(VLOOKUP(Salida!$H22,Lista!$G$4:$H$5,2,FALSE),"")
B14: 12 | C14: =+IFERROR(Salida!$E23,"") -> 0 | D14: =+IFERROR(Salida!$F23,"") -> 0 | E14: =+IFERROR(VLOOKUP(Salida!$G23,Lista!$C$4:$D$157,2,FALSE),"") | F14: =+IFERROR(VLOOKUP(Salida!$H23,Lista!$G$4:$H$5,2,FALSE),"")
... B17: 15 | C17: =+IFERROR(Salida!$E26,"") -> 0 | D17: =+IFERROR(Salida!$F26,"") -> 0 | E17: =+IFERROR(VLOOKUP(Salida!$G26,Lista!$C$4:$D$157,2,FALSE),"") | F17: =+IFERROR(VLOOKUP(Salida!$H26,Lista!$G$4:$H$5,2,FALSE),"")

Sheet Lista
B3: Símbolo | C3: Unidad | D3: ID | G3: Tipo | H3: ID
B4: kg | C4: Kilogramos | D4: 1 | G4: Ingreso | H4: 1
B5: c/t | C5: Quilate | D5: 2 | G5: Salida | H5: 2
B6: m | C6: Metro | D6: 3
B7: m2 | C7: Metro cuadrado | D7: 4
B8: m3 | C8: Metro cúbico | D8: 5
B9: cm3 | C9: Centímetro cúbico | D9: 6
B10: l | C10: Litro | D10: 7
B11: u | C11: Unidades | D11: 8
B12: 2u | C12: Par | D12: 9
B13: 12u | C13: Docena | D13: 10
B14: MIL | C14: Miles de unidades | D14: 11
B15: kWh | C15: Kilovatios por hora | D15: 12
B16: GLN | C16: Galones | D16: 13
B17: GRM | C17: Gramos | D17: 14
... B157: in | C157: Pulgadas | D157: 156
